Артикул;Наименование
110007376;Электрическая варочная поверхность LEX EVH 642 BLACK
110007368;Электрическая варочная поверхность LEX EVH 320 BLACK
110007370;Электрическая варочная поверхность LEX EVH 430 BLACK
110007377;Электрическая варочная поверхность LEX EVH 642-1 BLACK
110007369;Электрическая варочная поверхность LEX EVH 321 BLACK
110007378;Электрическая варочная поверхность LEX EVH 642-2 BL
110007372;Электрическая варочная поверхность LEX EVH 640 BLACK
110032095;Электрическая варочная поверхность Lex EVH 640-0 BL
110007380;Электрическая варочная поверхность LEX EVI 320-2 BLACK
110007379;Электрическая варочная поверхность LEX EVI 320 BLACK
110007382;Электрическая варочная поверхность LEX EVI 430 IV
110007381;Электрическая варочная поверхность LEX EVI 430 BLACK
110032167;Вытяжка Lex TOUCH 600 IVORY
110032168;Вытяжка Lex TOUCH 600 ivory light
110032105;Вытяжка Lex GS BLOC P 900 IVORY
110032173;Вытяжка Lex Tubo Isola 350 inox
110032174;Вытяжка Lex ANCONA 600 White
110032186;Вытяжка LEX TORINO 600 WHITE
110032189;Вытяжка Lex TORINO 900 IVORY
110032190;Вытяжка Lex VERONA 600 WHITE
110007280;Наклонная кухонная вытяжка LEX MIKA G 500 IVORY
110032191;Вытяжка Lex VERONA 600 IVORY
110007281;Наклонная кухонная вытяжка LEX MIKA G 500 IVORY LIGHT
110032165;Вытяжка Lex PLAZA 600 WHITE
110032194;Вытяжка Lex VERONA BODY 600 IVORY LIGHT
110032188;Вытяжка LEX TORINO 900 WHITE
110007315;Встраиваемая кухонная вытяжка LEX GS BLOC P 600 IVORY LIGHT
110032154;Вытяжка Lex MIKA GS 600 Ivory light
110004882;Вытяжка Lex SIMPLE 600 IVORY LIGHT
110000738;Вытяжка Lex ASTORIA 600 ivory
110036510;Холодильник LEX RFS 205 NF BL
110007423;Холодильник LEX RFS 201 DF WH
110036527;Термопот LEX LXTP 3610 брашированная сталь
110036528;Термопот LEX LXTP 3611 черная
110036526;Термопот LEX LXTP 3605 белый
110036524;Термопот LEX LXTP 3603 черный
110036525;Термопот LEX LXTP 3604 бежевый
110036557;Кофеварка LEX LXCM 3504-1 бежевая
110001468;Электрический духовой встраиваемый шкаф LEX EDM 4570 WH
110001473;Электрический духовой встраиваемый шкаф LEX EDP 092 IX
110002913;Стиральная машина Schaub Lorenz SLW MC6133
110002918;Стиральная машина Schaub Lorenz SLW MW6110
110009257;Стиральная машина Schaub Lorenz SLW T3921
110002922;Стиральная машина Schaub Lorenz SLW MC6132
110008921;Стиральная машина Schaub Lorenz SLW T2921
110003722;Встраиваемая посудомоечная машина Schaub Lorenz SLG VI4110
110000368;Встраиваемая посудомоечная машина Schaub Lorenz SLG VI4410
110000370;Встраиваемая посудомоечная машина Schaub Lorenz SLG VI6110
110000371;Встраиваемая посудомоечная машина Schaub Lorenz SLG VI6310
110007003;Холодильник Schaub Lorenz SLU S262C4M
110009246;Холодильник Schaub Lorenz SLU S620X3E
110009245;Холодильник Schaub Lorenz SLU S620E3E
110003399;Холодильник Schaub Lorenz SLU S379G4E
110002636;Посудомоечная машина Schaub Lorenz SLG SW6300
110002633;Посудомоечная машина Schaub Lorenz SLG SE6300
110018124;Стиральная машина SCHAUB LORENZ SLW TW8441 I
110009260;Сушильная машина Schaub Lorenz SLR TB921
110001508;Духовой шкаф Schaub Lorenz SLB ES6353
110001500;Духовой шкаф Schaub Lorenz SLB EE6923
110009204;Электрический духовой шкаф Schaub Lorenz SLB EB6860
110000135;Индукционная варочная панель Zigmund & Shtain CI 33.4 B
110000143;Электрическая варочная панель Zigmund & Shtain CN 36.3 B
110000162;Электрическая варочная панель Zigmund & Shtain CNS 259.60 BX
110000155;Электрическая варочная панель Zigmund & Shtain CNS 027.60 WX
110036808;Погружной блендер Zigmund & Shtain BH-343M
110036809;Кухонный комбайн Zigmund & Shtain ZKM-970
110036807;Погружной блендер Zigmund & Shtain BH-342 M
110036770;Блендер Zigmund & Shtain BS-444 D
110036759;Блендер Zigmund & Shtain BS445 D
110000851;Вытяжка Zigmund & Shtain K 356.61 S
110000852;Вытяжка Zigmund & Shtain K 356.61 W
110000281;Встраиваемая вытяжка Zigmund & Shtain K 376.51 S
110000282;Встраиваемая вытяжка Zigmund & Shtain K 376.51 W
110001811;Каминная вытяжка Zigmund & Shtain K 333.41 W
110000261;Встраиваемая вытяжка Zigmund & Shtain K 002.91 S
110001809;Каминная вытяжка Zigmund & Shtain K 333.41 B
110001810;Каминная вытяжка Zigmund & Shtain K 333.41 S
110000280;Встраиваемая вытяжка Zigmund & Shtain K 376.51 B
110000387;Встраиваемая посудомоечная машина Zigmund & Shtain DW 169.4509 X
110000388;Встраиваемая посудомоечная машина Zigmund & Shtain DW 169.6009 X
110034334;Мясорубка электрическая Zigmund & Shtain ZMG-044
110034522;Мясорубка электрическая Zigmund & Shtain ZMG-042
110036805;Кухонная мойка Zigmund & Shtain PLATZ 425 ШВЕЙЦ.ШОКОЛАД
110030665;Слив-перелив для одночашевой мойки Zigmund & Shtain TSF 010
110036798;Кухонная мойка Zigmund & Shtain PLATZ 425 КАМЕН.СОЛЬ
110036804;Кухонная мойка Zigmund & Shtain PLATZ 425 ТОПЛ.МОЛОКО
110036797;Кухонная мойка Zigmund & Shtain PLATZ 425 ИНД.ВАНИЛЬ
110036799;Кухонная мойка Zigmund & Shtain PLATZ 425 МЛЕЧН.ПУТЬ
110036803;Кухонная мойка Zigmund & Shtain PLATZ 425 ТЕМН.СКАЛА
110036800;Кухонная мойка Zigmund & Shtain PLATZ 425 МОЛОД.ШАМП
110036801;Кухонная мойка Zigmund & Shtain PLATZ 425 ОСЕН.ТРАВА
110036802;Кухонная мойка Zigmund & Shtain PLATZ 425 РЕЧН.ПЕСОК
110034335;Соковыжималка электрическая Zigmund & Shtain EJ-753
110036775;Соковыжималка Zigmund & Shtain EJ-751
110036760;Сушилка для овощей и фруктов Zigmund & Shtain ZFD406
110036758;Сушилка для овощей и фруктов Zigmund & Shtain ZFD-401
110036778;Сушилка для овощей и фруктов Zigmund & Shtain ZFD-410
110036835;Сушилка для овощей и фруктов Zigmund & Shtain ZFD-411
110036811;Вакуумный упаковщик Zigmund & Shtain VS-508
110036762;Смеситель Zigmund & Shtain 0200 ZS КАМЕН.СОЛЬ
110036815;Смеситель Zigmund & Shtain 0800 ZS НЕРЖ.ПОЛИР
110036774;Смеситель Zigmund & Shtain 2400W ZS НЕРЖ.ПОЛИР
110036816;Смеситель Zigmund & Shtain 1900 ZS ИНД.ВАНИЛЬ
110036771;Смеситель Zigmund & Shtain 0200 ZS ЧЕРН.БАЗАЛЬТ
110036817;Смеситель Zigmund & Shtain 1900 ZS КАМЕН.СОЛЬ
110036779;Смеситель Zigmund & Shtain 2400B ZS ИНД.ВАНИЛЬ
110036806;Смеситель Zigmund & Shtain 0300 ZS НЕРЖ.ПОЛИР
110036772;Смеситель Zigmund & Shtain 0200 ZS ШВЕЙЦ.ШОКОЛАД
110036818;Смеситель Zigmund & Shtain 1900 ZS МЛЕЧН.ПУТЬ
110036787;Смеситель Zigmund & Shtain 2400B ZS ШВЕЙЦ.ШОКОЛАД
110036780;Смеситель Zigmund & Shtain 2400B ZS МЛЕЧН.ПУТЬ
110036773;Смеситель Zigmund & Shtain 2400B ZS НЕРЖ.ПОЛИР
110036824;Смеситель Zigmund & Shtain 1900 ZS ЧЕРН.БАЗАЛЬТ
110036788;Смеситель Zigmund & Shtain 2400W ZS ИНД.ВАНИЛЬ
110036793;Смеситель Zigmund & Shtain 2400W ZS РЕЧН.ПЕСОК
110036782;Смеситель Zigmund & Shtain 2400B ZS ОСЕН.ТРАВА
110036781;Смеситель Zigmund & Shtain 2400B ZS МОЛОД.ШАМП
110036789;Смеситель Zigmund & Shtain 2400W ZS КАМЕН.СОЛЬ
110036794;Смеситель Zigmund & Shtain 2400W ZS ТЕМН.СКАЛА
110036785;Смеситель Zigmund & Shtain 2400B ZS ТОПЛ.МОЛОКО
110036783;Смеситель Zigmund & Shtain 2400B ZS РЕЧН.ПЕСОК
110036790;Смеситель Zigmund & Shtain 2400W ZS МЛЕЧН.ПУТЬ
110036795;Смеситель Zigmund & Shtain 2400W ZS ТОПЛ.МОЛОКО
110036784;Смеситель Zigmund & Shtain 2400B ZS ТЕМН.СКАЛА
110036763;Смеситель Zigmund & Shtain 0200 ZS МЛЕЧН.ПУТЬ
110036796;Смеситель Zigmund & Shtain 2400W ZS ШВЕЙЦ.ШОКОЛАД
110036791;Смеситель Zigmund & Shtain 2400W ZS МОЛОД.ШАМП
110036761;Смеситель Zigmund & Shtain 0200 ZS ИНД.ВАНИЛЬ
110036764;Смеситель Zigmund & Shtain 0200 ZS МОЛОД.ШАМП
110036834;Смеситель Zigmund & Shtain 2300 ZS ЧЕРН.БАЗАЛЬТ
110036792;Смеситель Zigmund & Shtain 2400W ZS ОСЕН.ТРАВА
110036766;Смеситель Zigmund & Shtain 0200 ZS РЕЧН.ПЕСОК
110036765;Смеситель Zigmund & Shtain 0200 ZS ОСЕН.ТРАВА
110036768;Смеситель Zigmund & Shtain 0200 ZS ТОПЛ.МОЛОКО
110036755;Смеситель Zigmund & Shtain 0200 ZS НЕРЖ.ПОЛИР
110036767;Смеситель Zigmund & Shtain 0200 ZS ТЕМН.СКАЛА
110036812;Смеситель Zigmund & Shtain 1000 ZS НЕРЖ.ПОЛИР
110036813;Смеситель Zigmund & Shtain 1900 ZS НЕРЖ.ПОЛИР
110036819;Смеситель Zigmund & Shtain 1900 ZS МОЛОД.ШАМП
110036820;Смеситель Zigmund & Shtain 1900 ZS ОСЕН.ТРАВА
110036821;Смеситель Zigmund & Shtain 1900 ZS РЕЧН.ПЕСОК
110036822;Смеситель Zigmund & Shtain 1900 ZS ТЕМН.СКАЛА
110036830;Смеситель Zigmund & Shtain 0800 ZS ТЕМН.СКАЛА
110036823;Смеситель Zigmund & Shtain 1900 ZS ТОПЛ.МОЛОКО
110036825;Смеситель Zigmund & Shtain 1900 ZS ШВЕЙЦ.ШОКОЛАД
110001604;Духовой шкаф Zigmund & Shtain EN 117.921 W
110001603;Духовой шкаф Zigmund & Shtain EN 117.921 B
110005004;Стиральная машина MAUNFELD MFWM149WH
110004028;Стиральная машина MAUNFELD MFWM128WH
110002886;Стиральная машина MAUNFELD MFWM127WH
110005385;Стиральная машина MAUNFELD MFWM147WH
110010958;Тостер MAUNFELD MF-821CH
110017033;Тостер Maunfeld MFT-847BK
110009563;Вафельница MAUNFELD MF-1433BK
110008913;Тостер Maunfeld MFT-847WH
110010960;Тостер MAUNFELD MF-821BZ
110017813;Вафельница MAUNFELD MF-1436WH
110017858;Вафельница MAUNFELD MF-1434R
110009945;Кухонная вытяжка MAUNFELD TRAPEZE 602IG белый
110031024;Кухонная вытяжка MAUNFELD VS Slide 60 металлик\белое стекло
110000766;ВЫТЯЖКА MAUNFELD CROSBY LIGHT (C) 50 НЕРЖАВЕЙКА
110000772;Вытяжка Maunfeld Fantasy 1000ST 60 белое стекло
110000773;Вытяжка Maunfeld Fantasy 1000ST 60 черное стекло
110004735;Фильтр угольный MAUNFELD CF152(60)
110002617;Посудомоечная машина Maunfeld MLP-08 b
110002620;Посудомоечная машина Maunfeld MLP-12 im
110003350;Холодильник MAUNFELD MFF185NFBG
110003351;Холодильник MAUNFELD MFF185NFS
110003356;Холодильник MAUNFELD MFF200NFW
110010038;Холодильник MAUNFELD MFF150W
110003358;Холодильник MAUNFELD MFF83W
110005163;Холодильник MAUNFELD MFF181NFB
110006788;Холодильник MAUNFELD MFF170W
110003347;Холодильник MAUNFELD MFF143W
110003348;Холодильник MAUNFELD MFF176SFW
110003352;Холодильник MAUNFELD MFF185NFW
110004606;Холодильник MAUNFELD MFF181NFSB
110003353;Холодильник MAUNFELD MFF200NFB
110003354;Холодильник MAUNFELD MFF200NFBG
110003349;Холодильник MAUNFELD MFF185NFB
110003355;Холодильник MAUNFELD MFF200NFR
110003357;Холодильник MAUNFELD MFF50W
110002394;Микроволновая печь MAUNFELD MFSMO.20.7TWH
110002390;Микроволновая печь MAUNFELD JFSMO.20.5.GRIB
110002395;Микроволновая печь MAUNFELD MFSMO.20.7WH
110005177;Мини-печь MAUNFELD CEMOB.363.S1
110002389;Микроволновая печь MAUNFELD JFSMO.20.5.GRBG
110007468;Чайник MAUNFELD MGK-625BG
110010964;Мясорубка MAUNFELD MF-233WH
110004430;Мясорубка MAUNFELD MMG.231W
110011763;Мясорубка MAUNFELD MF-232WB
110002622;Посудомоечная машина MAUNFELD MWF06IM
110002627;Посудомоечная машина MAUNFELD MWF12S
110002623;Посудомоечная машина MAUNFELD MWF07IM
110002624;Посудомоечная машина MAUNFELD MWF08B
110002625;Посудомоечная машина MAUNFELD MWF08S
110002626;Посудомоечная машина MAUNFELD MWF12I
110002987;Стиральная машина с сушкой MAUNFELD MFWM1586WH
110010961;Чайник MAUNFELD MGK1710GW
110011452;Чайник MAUNFELD MGK-625BL
110011586;Чайник MAUNFELD MGK-631W
110017035;Чайник MAUNFELD MGK1711S
110017037;Чайник MAUNFELD MGK1710GS
110011453;Чайник MAUNFELD MGK-625MINT
110011008;Чайник MAUNFELD MGK-625S
110010448;Соковыжималка MAUNFELD MJE.850CH
110001485;Духовой шкаф MAUNFELD EOEFG.566RIB.MT
110001203;Газовая панель MAUNFELD EGHE.95.33CBG.R/G
110001210;Газовая панель MAUNFELD EGHG.64.23CB/G
110009043;Индукционная варочная поверхность Korting HI 64042 BW
110002834;Стиральная машина Korting KWM 42D1460
110009249;Стиральная машина Korting KWM 49IT1470 S
110009247;Стиральная машина Korting KWM 40B1060
110007831;Стиральная машина Korting KWM 57IT1490
110009248;Стиральная машина Korting KWM 49IT1470
110002835;Стиральная машина Korting KWM 42ID1460
110009126;Вытяжка Korting KHC 69131 GXW
110009128;Вытяжка Korting KHC 9877 N
110009130;Вытяжка Korting KHC 9839 RB
110009137;Вытяжка Korting KHC 9839 X
110000640;Вытяжка Korting KHA 7950 X Cube
110000645;Вытяжка Korting KHC 65070 GW
110000651;Вытяжка Korting KHC 66135 GN
110000657;Вытяжка Korting KHC 6648 RGB
110000658;Вытяжка Korting KHC 6648 RGN
110000639;Вытяжка Korting KHA 4970 X Cylinder
110000650;Вытяжка Korting KHC 66135 GB
110000652;Вытяжка Korting KHC 66135 GW
110000656;Вытяжка Korting KHC 6648 RB
110000665;Вытяжка Korting KHC 6750 RN
110000666;Вытяжка Korting KHC 6750 RSI
110000682;Вытяжка Korting KHI 6631 RB
110000667;Вытяжка Korting KHC 68073 GW
110000688;Вытяжка Korting KHP 6637 GNX
110000673;Вытяжка Korting KHC 95330 GN
110000668;Вытяжка Korting KHC 69059 RGW
110000689;Вытяжка Korting KHP 6637 GWX
110000683;Вытяжка Korting KHI 6997 X
110000672;Вытяжка Korting KHC 91950 GXN
110000636;Вытяжка Korting KHA 39970 N Cylinder
110000681;Вытяжка Korting KHI 6530 W
110000637;Вытяжка Korting KHA 39970 W Cylinder
110000697;Вытяжка Korting KHT 6334 BR
110000684;Вытяжка Korting KHI 9997 GW
110000638;Вытяжка Korting KHA 45970 W Cube
110000646;Вытяжка Korting KHC 65330 GN
110000686;Вытяжка Korting KHP 5637 GNX
110000700;Вытяжка Korting KHT 6334 X
110000659;Вытяжка Korting KHC 6648 RN
110005111;Вытяжка Korting KHC 9839 RGN
110000660;Вытяжка Korting KHC 6648 RSI
110009127;Вытяжка Korting KHC 6877 N
110009129;Вытяжка Korting KHC 6839 IX
110009132;Вытяжка Korting KHC 9839 RGB
110009136;Вытяжка Korting KHC 6839 X
110009133;Вытяжка Korting KHC 6839 RGN
110009134;Вытяжка Korting KHC 6839 RCN
110009135;Вытяжка Korting KHC 6839 NX
110002608;Посудомоечная машина Korting KDI 60985
110002605;Посудомоечная машина Korting KDI 60340
110002606;Посудомоечная машина Korting KDI 60575
110002607;Посудомоечная машина Korting KDI 60980
110002603;Посудомоечная машина Korting KDI 45570
110002604;Посудомоечная машина Korting KDI 60110
110031823;Холодильник KORTING KSI 19699 CFNFZ
110004250;Встраиваемый холодильник Korting KSI 1855
110009232;Холодильник Korting KSI 17780 CVNF
110003263;Холодильник Korting KSI 17877 CFLZ
110003264;Холодильник Korting KSI 17887 CNFZ
110003241;Холодильник Korting KNF 1857 N
110009223;Холодильник Korting KNFC 62010 B
110003242;Холодильник Korting KNF 1857 X
110009226;Холодильник Korting KNFC 62029 XN
110008069;Холодильник Korting KNFC 62029 W
110008707;Холодильник Korting KNFC 71928 GN
110006972;Холодильник Korting KNFC 62029 GN
110003260;Холодильник Korting KNFT 71725 X
110004139;Холодильник Korting KNFM 81787 GB
110009228;Холодильник Korting KNFC 71928 GBR
110003253;Холодильник Korting KNFM 81787 GN
110009231;Холодильник Korting KNFM 81787 GM
110003256;Холодильник Korting KNFS 91797 GN
110003257;Холодильник Korting KNFS 91797 GW
110003258;Холодильник Korting KNFS 91797 X
110009230;Холодильник Korting KNFC 71928 GW
110003252;Холодильник Korting KNFF 61889 X
110003254;Холодильник Korting KNFM 81787 X
110001359;Духовой шкаф Korting OGG 741 CRN
110001357;Духовой шкаф Korting OGG 541 CFX
110002380;Микроволновая печь Korting KMO 720 X
110002382;Микроволновая печь Korting KMO 823 XN
110002381;Микроволновая печь Korting KMO 820 GW
110003255;Морозильная камера Korting KNFR 1837 N
110002596;Посудомоечная машина Korting KDF 2050 S
110002600;Посудомоечная машина Korting KDF 60060
110002601;Посудомоечная машина Korting KDF 60240
110002597;Посудомоечная машина Korting KDF 2050 W
110002598;Посудомоечная машина Korting KDF 45240
110002599;Посудомоечная машина Korting KDF 45240 S
110006994;Посудомоечная машина Korting KDF 60240 N
110003016;Сушильная машина Korting KD 60T8
110009187;Духовой шкаф Korting OKB 370 CMW
110003804;Духовой шкаф KORTING OKB 461 CRSI
110001385;Духовой шкаф Korting OKB 481 CRB
110001374;Духовой шкаф Korting OKB 460 RB
110001387;Духовой шкаф Korting OKB 481 CRN
110003896;Духовой шкаф Korting OKB 3250 GNBX MW
110001396;Духовой шкаф Korting OKB 560 CFX
110001378;Духовой шкаф Korting OKB 461 CRGN
110001401;Духовой шкаф Korting OKB 691 CSX
110001390;Духовой шкаф Korting OKB 481 CRSN
110001386;Духовой шкаф Korting OKB 481 CRCN
110001397;Духовой шкаф Korting OKB 561 CFX
110001388;Духовой шкаф Korting OKB 481 CRSI
110001405;Духовой шкаф Korting OKB 7129 SGW
110001400;Духовой шкаф Korting OKB 691 CSGW
110001421;Духовой шкаф Korting OKB 792 CFW
110001402;Духовой шкаф Korting OKB 691 CSXN
110001408;Духовой шкаф Korting OKB 760 FX
110001404;Духовой шкаф Korting OKB 7129 SGN
110001407;Духовой шкаф Korting OKB 760 FW
110001432;Духовой шкаф Korting OKB 9101 CFX
110001422;Духовой шкаф Korting OKB 792 CFX
110009191;Духовой шкаф Korting OKB 4911 CRGW
110004208;Духовой шкаф Korting OKB 3450 GNBX Steam
110001420;Духовой шкаф Korting OKB 792 CFN
110009193;Духовой шкаф Korting OKB 591 CSGB
110009194;Духовой шкаф Korting OKB 591 CSGM
110009186;Духовой шкаф Korting OKB 370 CMB
110009196;Духовой шкаф Korting OKB 591 CSGW
110009188;Духовой шкаф Korting OKB 370 CMX
110009190;Духовой шкаф Korting OKB 4911 CRGB
110009195;Духовой шкаф Korting OKB 591 CSGN
110009022;Варочная поверхность Korting HG 761 CTSI
110009020;Варочная поверхность Korting HG 761 CTB
110009023;Варочная поверхность Korting HG 961 CTB
110009033;Варочная поверхность Korting HGG 6734 CTW
110009027;Варочная поверхность Korting HGG 4825 CTN
110009024;Варочная поверхность Korting HG 961 CTSI
110009034;Варочная поверхность Korting HGG 6805 CN
110009029;Варочная поверхность Korting HGG 6722 CTB
110009035;Варочная поверхность Korting HGG 6805 CW
110009031;Варочная поверхность Korting HGG 6722 CTW
110009028;Варочная поверхность Korting HGG 4825 CTW
110009036;Варочная поверхность Korting HGG 6825 CTB
110009040;Варочная поверхность Korting HGG 7835 CTN
110009038;Варочная поверхность Korting HGG 6825 CTW
110009041;Варочная поверхность Korting HGG 7835 CTW
110009042;Варочная поверхность Korting HGG 9835 CTW
110000178;Варочная поверхность Korting HG 665 CTSK
110009021;Варочная поверхность Korting HG 761 CTGN
110009026;Варочная поверхность Korting HGG 4825 CTB
110009030;Варочная поверхность Korting HGG 6722 CTN
110009032;Варочная поверхность Korting HGG 6734 CTN
110009037;Варочная поверхность Korting HGG 6825 CTN
110009039;Варочная поверхность Korting HGG 6911 CTRB
110002815;Стиральная машина Jacky's JW 6W10I0
110002816;Стиральная машина Jacky's JW 6W10L0
110002818;Стиральная машина Jacky's JW 6W12G0
110002824;Стиральная машина Jacky's JW 8TC41
110017427;Стиральная машина Jacky's JW S0602B
110002820;Стиральная машина Jacky's JW 6W12L0
110006739;Фильтр для вытяжки (круглый) (2 в комплекте) Jacky's JV BI684, Jacky's JV BI984
110006485;Фильтр для вытяжки (прямоугольный) Jacky's JV BB682, Jacky's JV BW682
110033237;Фильтр для вытяжки Jacky's прямоугольный) для моделей: JV BB682, JV BW682
110002594;Посудомоечная машина Jacky's JD FB5301
110002593;Посудомоечная машина Jacky's JD FB4101
110000333;Посудомоечная машина Jacky's JD SB4201
110002595;Посудомоечная машина Jacky's JD SB5301
110000332;Посудомоечная машина Jacky's JD SB3201
110000331;Посудомоечная машина Jacky's JD FB4102
110003215;Холодильник Jacky's JL FI1860
110003216;Холодильник Jacky's JL FV1860
110003217;Холодильник Jacky's JL FW1860
110003234;Холодильник Jacky's JR FV432EN
110003237;Холодильник Jacky's JR FW2000
110003238;Холодильник Jacky's JR FW20B1
110018229;Сушильная машина Jacky's JTD 103BHTB
110004251;Духовой шкаф Jacky's JO EVR7669
110005141;Духовой шкаф Jacky's JO EW75410
110001347;Духовой шкаф Jacky's JO EB7539
110001344;Духовой шкаф Jacky's JO EB7516
110001346;Духовой шкаф Jacky's JO EB7538
110001352;Духовой шкаф Jacky's JO EI7539
110001345;Духовой шкаф Jacky's JO EB7518
110001348;Духовой шкаф Jacky's JO EB75410
110001353;Духовой шкаф Jacky's JO EW7518
110001354;Духовой шкаф Jacky's JO EW7538
110001355;Духовой шкаф Jacky's JO EW7539
110003166;Холодильник Haier C2F636CORG
110003164;Холодильник Haier C2F636CCRG
110000584;Вытяжка HOMSair HORIZONTAL 50 БЕЛЫЙ
110000586;Вытяжка HOMSair HORIZONTAL 60 НЕРЖАВЕЙКА
110005819;Вытяжка Teka DOB 60 AB
110005153;Встраиваемый холодильник TEKA CI3 320
110005923;Холодильник Teka TKI3 145 D
110016731;Встраиваемая газовая варочная панель Cata RGI 6031 IV
110032003;Блендер HIBERG HB 1041 Br
110032004;Блендер HIBERG HB 1041 W
110032005;Блендер HIBERG HB 1041 Y
110004649;Встраиваемая посудомоечная машина Hiberg I46 1030
110007727;Холодильник HIBERG RFQ-500DX NFYm inverter
110005118;Холодильник HIBERG RF-23DS
110005284;Холодильник HIBERG RFQ-500DX NFGB inverter
110005423;Холодильник HIBERG RFS-650DX NFB inverter
110011306;Холодильник HIBERG RF-40DD NFW
110031968;Холодильник HIBERG RFC-400DX NFGW inverter
110011305;Холодильник HIBERG RF-40DD NFS
110011298;Микроволновая печь HIBERG VM-4288 YR
110008015;Микроволновая печь HIBERG VM-4285 YR
110008012;Микроволновая печь HIBERG VM-4088 B
110008013;Микроволновая печь HIBERG VM-4088 W
110008014;Микроволновая печь HIBERG VM-4088 YR
110036434;Мультиварка HIBERG MC 590 BB
110008021;Посудомоечная машина HIBERG F48 1030 B
110008019;Посудомоечная машина HIBERG F48 1030 W
110008020;Посудомоечная машина HIBERG F68 1430 W
110006993;Ларь морозильный HIBERG PF 42 L2GW
110007957;Варочная поверхность HIBERG VM 6145 B
110008117;Стиральная машина Beko WSPE6H616W
110008118;Стиральная машина Beko WSPE6H616S
110008129;Стиральная машина Beko WSPE7H616S
110031980;Стиральная машина Beko WSRE6H612ZAWI
110007713;Посудомоечная машина DeLonghi DDW08S Aquamarine eco
110004709;Посудомоечная машина DeLonghi DDW06S Basilia
110006869;Посудомоечная машина DeLonghi DDW06F Granate platinum
110005084;Посудомоечная машина DeLonghi DDW06F Basilia
110005073;Посудомоечная машина DeLonghi DDW08F Aquamarine eco
110006861;Посудомоечная машина DeLonghi DDW07T Onics
110004477;Посудомоечная машина DeLonghi DDW06S Cristallo ultimo
110006628;Посудомоечная машина DeLonghi DDWS09F Citrino
110005025;Посудомоечная машина DeLonghi DDW07T Fridere
110007847;Посудомоечная машина DeLonghi DDWS09S Citrino
110006860;Посудомоечная машина DeLonghi DDW07T Crisolita
110009163;Электрический духовой шкаф Delonghi CM 6 BS
110005544;Посудомоечная машина Toshiba DW-10F1(W)-RU
110005566;Посудомоечная машина Toshiba DWS-22ARU
110006803;Вытяжка Kaiser A 9315 RotEm Eco
110006805;Вытяжка Kaiser A 9423 GrBE Eco
110006801;Вытяжка Kaiser A 9315 ElfEm Eco
110006802;Вытяжка Kaiser A 9315 Em Eco
110006806;Вытяжка Kaiser A 9423 RotBE Eco
110011708;Вытяжка Kaiser A 6419 M
110005405;Вытяжка Kaiser A 6315 ElfEm Eco
110006830;Встраиваемый газовый духовой шкаф Kaiser EG 6374 Sp
110006828;Встраиваемый газовый духовой шкаф Kaiser EG 6345 ElfEm
110006831;Встраиваемый газовый духовой шкаф Kaiser EG 6374 W
110031620;Электрический духовой шкаф Kaiser EH 6424 RotBe
110011415;Мясорубка AVEX MG-280B
110031840;Духовой шкаф AVEX HM 4260 1B
110011376;Духовой шкаф AVEX HM 4060 1B
110011388;Духовой шкаф AVEX HM 6360 1YR
110011059;Варочная поверхность AVEX HM 3022 B
110011061;Варочная поверхность AVEX HM 3022 W
110011058;Варочная поверхность AVEX HS 6244 YR
110011057;Варочная поверхность AVEX HS 6242 YR
110011075;Варочная поверхность AVEX HS 6142 X
110011077;Варочная поверхность AVEX HS 6241 BR
110011081;Варочная поверхность AVEX HS 6132 YR
110011070;Варочная поверхность AVEX HM 6044 RY
110005633;Вытяжка кухонная DACH NUBIA 90 white
110005680;Вытяжка кухонная EXITEQ EX-5209 белая
110005702;Посудомоечная машина EXITEQ EXDW-I405
110005700;Посудомоечная машина EXITEQ EXDW-I403
110005704;Посудомоечная машина EXITEQ EXDW-I604
110010220;Посудомоечная машина EXITEQ EXDW-I605
110005701;Посудомоечная машина EXITEQ EXDW-I404
110006495;Посудомоечная машина EXITEQ EXDW-T503
110007588;Вытяжка кухонная KRONA IRIDA 600 black push button
110007932;Измельчитель пищевых отходов WASTE FIGHTER F-22 Standard
110007933;Измельчитель пищевых отходов WASTE FIGHTER F-32 Standard
110007934;Измельчитель пищевых отходов WASTE FIGHTER F-42 Premium
110032398;Е100 Сифон WASTE FIGHTER U-образный
110008808;Духовой шкаф Bertazzoni, комбинированный с пароваркой F457HERVTAC
110008809;Духовой шкаф Bertazzoni, комбинированный с пароваркой F457HERVTAX
110008811;Духовой шкаф Bertazzoni, комбинированный с пароваркой F457HERVTNE
